<?xml version="1.0" encoding="utf-8" ?><dwsync><file name="_bordered-pulled.scss" server="s173223.gridserver.com/domains/chemistry.beantownthemes.com/html/" local="3468025602" remote="12068893532" /><file name="_core.scss" server="s173223.gridserver.com/domains/chemistry.beantownthemes.com/html/" local="3468025602" remote="12068893532" /><file name="_fixed-width.scss" server="s173223.gridserver.com/domains/chemistry.beantownthemes.com/html/" local="3468025602" remote="12068893532" /><file name="_icons.scss" server="s173223.gridserver.com/domains/chemistry.beantownthemes.com/html/" local="3468025602" remote="12068893532" /><file name="_larger.scss" server="s173223.gridserver.com/domains/chemistry.beantownthemes.com/html/" local="3468025602" remote="12068893532" /><file name="_list.scss" server="s173223.gridserver.com/domains/chemistry.beantownthemes.com/html/" local="3468025602" remote="12068893532" /><file name="_mixins.scss" server="s173223.gridserver.com/domains/chemistry.beantownthemes.com/html/" local="3468025602" remote="12068893532" /><file name="_path.scss" server="s173223.gridserver.com/domains/chemistry.beantownthemes.com/html/" local="3468025602" remote="12068893532" /><file name="_rotated-flipped.scss" server="s173223.gridserver.com/domains/chemistry.beantownthemes.com/html/" local="3468025602" remote="12068893532" /><file name="_spinning.scss" server="s173223.gridserver.com/domains/chemistry.beantownthemes.com/html/" local="3468025602" remote="12068893532" /><file name="_stacked.scss" server="s173223.gridserver.com/domains/chemistry.beantownthemes.com/html/" local="3468025602" remote="12068893532" /><file name="_variables.scss" server="s173223.gridserver.com/domains/chemistry.beantownthemes.com/html/" local="3468025602" remote="12068893532" /><file name="font-awesome.scss" server="s173223.gridserver.com/domains/chemistry.beantownthemes.com/html/" local="3468025602" remote="12068893532" /></dwsync>