<?xml version="1.0" encoding="utf-8" ?><dwsync><file name="bordered-pulled.less" server="s173223.gridserver.com/domains/chemistry.beantownthemes.com/html/" local="3468025602" remote="12068893532" /><file name="core.less" server="s173223.gridserver.com/domains/chemistry.beantownthemes.com/html/" local="3468025602" remote="12068893532" /><file name="fixed-width.less" server="s173223.gridserver.com/domains/chemistry.beantownthemes.com/html/" local="3468025602" remote="12068893532" /><file name="font-awesome.less" server="s173223.gridserver.com/domains/chemistry.beantownthemes.com/html/" local="3468025602" remote="12068893532" /><file name="icons.less" server="s173223.gridserver.com/domains/chemistry.beantownthemes.com/html/" local="3468025602" remote="12068893532" /><file name="larger.less" server="s173223.gridserver.com/domains/chemistry.beantownthemes.com/html/" local="3468025602" remote="12068893532" /><file name="list.less" server="s173223.gridserver.com/domains/chemistry.beantownthemes.com/html/" local="3468025602" remote="12068893532" /><file name="mixins.less" server="s173223.gridserver.com/domains/chemistry.beantownthemes.com/html/" local="3468025602" remote="12068893532" /><file name="path.less" server="s173223.gridserver.com/domains/chemistry.beantownthemes.com/html/" local="3468025602" remote="12068893532" /><file name="rotated-flipped.less" server="s173223.gridserver.com/domains/chemistry.beantownthemes.com/html/" local="3468025602" remote="12068893532" /><file name="spinning.less" server="s173223.gridserver.com/domains/chemistry.beantownthemes.com/html/" local="3468025602" remote="12068893532" /><file name="stacked.less" server="s173223.gridserver.com/domains/chemistry.beantownthemes.com/html/" local="3468025602" remote="12068893532" /><file name="variables.less" server="s173223.gridserver.com/domains/chemistry.beantownthemes.com/html/" local="3468025602" remote="12068893532" /></dwsync>